Transaction_ID,Account_Code,Description,Debit,Credit,Date
1001,7010,Payroll,3776.58,2593.98,2025-01-01
1002,6010,Payroll,2153.33,2364.18,2025-01-02
1003,4010,Office Supplies,70.18,3217.89,2025-01-03
1004,4020,Travel,968.54,1965.35,2025-01-04
1005,5010,Office Supplies,2385.61,3353.7,2025-01-05
1006,7010,Office Supplies,343.33,3088.54,2025-01-06
1007,4010,Travel,781.3,3827.8,2025-01-07
1008,6010,Consulting Fees,2782.37,4165.75,2025-01-08
1009,6010,Travel,4396.18,2950.68,2025-01-09
1010,7010,Office Supplies,1705.64,1884.24,2025-01-10
1011,5010,Office Supplies,4652.32,3984.0,2025-01-11
1012,4020,Travel,1218.11,4037.35,2025-01-12
1013,4010,Payroll,4649.59,1056.21,2025-01-13
1014,4010,Payroll,3158.53,205.41,2025-01-14
1015,5010,Consulting Fees,3160.62,77.83,2025-01-15
1016,4020,Consulting Fees,3870.96,1034.37,2025-01-16
1017,4020,Consulting Fees,142.22,3687.77,2025-01-17
1018,5010,Consulting Fees,3211.28,261.87,2025-01-18
1019,4010,Consulting Fees,3952.86,1302.39,2025-01-19
1020,7010,Consulting Fees,999.89,4827.55,2025-01-20
1021,4010,Consulting Fees,4093.58,2668.29,2025-01-21
1022,4020,Software License,1288.89,3700.84,2025-01-22
1023,5010,Travel,4860.97,2005.72,2025-01-23
1024,4020,Consulting Fees,4070.17,1833.82,2025-01-24
1025,7010,Office Supplies,3781.35,3168.92,2025-01-25
1026,7010,Office Supplies,3065.08,3723.73,2025-01-26
1027,5010,Payroll,99.55,1823.58,2025-01-27
1028,4010,Consulting Fees,2867.84,1299.39,2025-01-28
1029,4020,Office Supplies,582.52,4267.65,2025-01-29
1030,6010,Travel,4736.66,1204.46,2025-01-30
1031,5010,Travel,2883.83,4185.35,2025-01-31
1032,7010,Software License,3766.52,2063.47,2025-02-01
1033,5010,Travel,2873.96,4014.03,2025-02-02
1034,5010,Consulting Fees,4522.97,1624.56,2025-02-03
1035,4020,Consulting Fees,3322.45,710.84,2025-02-04
1036,4020,Consulting Fees,4219.86,4084.42,2025-02-05
1037,7010,Consulting Fees,1289.16,481.48,2025-02-06
1038,4010,Software License,1229.31,2824.82,2025-02-07
1039,7010,Payroll,92.12,1198.78,2025-02-08
1040,5010,Payroll,1422.16,1514.62,2025-02-09
1041,7010,Payroll,3283.41,2632.36,2025-02-10
1042,6010,Travel,1708.7,3575.15,2025-02-11
1043,4020,Payroll,1126.04,1935.2,2025-02-12
1044,4020,Travel,4377.89,1496.21,2025-02-13
1045,5010,Software License,3204.24,2849.25,2025-02-14
1046,4010,Payroll,137.41,511.2,2025-02-15
1047,6010,Office Supplies,4605.25,4785.76,2025-02-16
1048,5010,Software License,4039.36,4988.64,2025-02-17
1049,5010,Payroll,3764.84,1599.13,2025-02-18
1050,6010,Consulting Fees,1516.31,2140.59,2025-02-19
1051,7010,Consulting Fees,291.71,4968.84,2025-02-20
1052,5010,Consulting Fees,4741.97,195.06,2025-02-21
1053,5010,Software License,3339.52,2281.07,2025-02-22
1054,5010,Payroll,3378.05,2044.46,2025-02-23
1055,7010,Consulting Fees,73.33,935.38,2025-02-24
1056,4020,Travel,3217.24,76.12,2025-02-25
1057,5010,Office Supplies,501.03,2033.2,2025-02-26
1058,6010,Travel,49.34,2309.72,2025-02-27
1059,6010,Office Supplies,2969.14,3156.93,2025-02-28
1060,6010,Office Supplies,2301.24,4884.5,2025-03-01
1061,4010,Consulting Fees,1914.94,3647.97,2025-03-02
1062,4010,Software License,1292.06,1246.54,2025-03-03
1063,5010,Office Supplies,217.39,1186.24,2025-03-04
1064,5010,Consulting Fees,388.66,2250.65,2025-03-05
1065,4020,Consulting Fees,1609.43,3882.0,2025-03-06
1066,4020,Payroll,2612.22,343.25,2025-03-07
1067,6010,Office Supplies,3668.53,3349.79,2025-03-08
1068,7010,Software License,3944.37,4255.01,2025-03-09
1069,4020,Software License,2057.17,1718.82,2025-03-10
1070,7010,Software License,3383.61,1364.4,2025-03-11
1071,7010,Consulting Fees,900.75,1184.32,2025-03-12
1072,4010,Payroll,1456.33,3839.27,2025-03-13
1073,4020,Payroll,199.34,3855.61,2025-03-14
1074,6010,Consulting Fees,1724.81,4628.89,2025-03-15
1075,7010,Office Supplies,1515.8,703.88,2025-03-16
1076,6010,Office Supplies,1456.07,3865.37,2025-03-17
1077,7010,Payroll,3470.35,1702.62,2025-03-18
1078,6010,Payroll,1247.56,2718.22,2025-03-19
1079,6010,Office Supplies,623.71,3519.34,2025-03-20
1080,4010,Payroll,2163.44,1087.84,2025-03-21
1081,4010,Payroll,2165.29,186.27,2025-03-22
1082,7010,Payroll,4107.05,2298.71,2025-03-23
1083,4020,Office Supplies,3121.59,4807.36,2025-03-24
1084,5010,Consulting Fees,2229.59,2735.26,2025-03-25
1085,5010,Software License,4367.87,4876.7,2025-03-26
1086,7010,Software License,4899.64,4852.11,2025-03-27
1087,7010,Payroll,4720.5,510.14,2025-03-28
1088,5010,Payroll,2195.51,2671.24,2025-03-29
1089,6010,Payroll,570.59,2418.23,2025-03-30
1090,7010,Consulting Fees,3192.56,3809.19,2025-03-31
1091,5010,Office Supplies,4290.36,2420.72,2025-04-01
1092,7010,Office Supplies,2660.78,160.14,2025-04-02
1093,7010,Consulting Fees,3986.45,299.26,2025-04-03
1094,4020,Consulting Fees,4866.39,2657.01,2025-04-04
1095,6010,Consulting Fees,4202.9,577.04,2025-04-05
1096,6010,Consulting Fees,1232.96,391.92,2025-04-06
1097,6010,Software License,976.64,4465.72,2025-04-07
1098,6010,Software License,3851.45,1951.12,2025-04-08
1099,5010,Travel,1816.54,4281.8,2025-04-09
1100,5010,Office Supplies,2991.48,2374.07,2025-04-10
1101,6010,Office Supplies,3332.78,41.2,2025-04-11
1102,4020,Payroll,1487.24,4829.39,2025-04-12
1103,4020,Travel,937.44,4199.98,2025-04-13
1104,6010,Office Supplies,3249.23,1955.39,2025-04-14
1105,4020,Travel,4668.03,3118.68,2025-04-15
1106,4010,Software License,629.09,1426.78,2025-04-16
1107,6010,Software License,4040.37,2340.33,2025-04-17
1108,5010,Travel,530.21,447.52,2025-04-18
1109,7010,Consulting Fees,3508.02,900.8,2025-04-19
1110,5010,Payroll,987.04,3262.13,2025-04-20
1111,5010,Travel,4704.81,2530.27,2025-04-21
1112,5010,Consulting Fees,767.87,4869.92,2025-04-22
1113,7010,Software License,541.39,3889.25,2025-04-23
1114,4010,Software License,1835.93,2702.53,2025-04-24
1115,6010,Office Supplies,3486.34,4254.82,2025-04-25
1116,4020,Travel,3293.18,3932.99,2025-04-26
1117,6010,Travel,2606.56,2495.1,2025-04-27
1118,6010,Payroll,3180.19,146.63,2025-04-28
1119,7010,Consulting Fees,4564.79,2138.47,2025-04-29
1120,4020,Consulting Fees,2518.2,1554.45,2025-04-30
1121,4010,Software License,3626.52,2014.93,2025-05-01
1122,5010,Travel,2735.94,2718.73,2025-05-02
1123,7010,Payroll,1409.87,796.36,2025-05-03
1124,7010,Office Supplies,3157.36,499.71,2025-05-04
1125,7010,Software License,4467.1,1417.4,2025-05-05
1126,4010,Consulting Fees,1706.89,628.78,2025-05-06
1127,5010,Software License,4259.3,1903.08,2025-05-07
1128,6010,Software License,2957.74,4865.89,2025-05-08
1129,6010,Office Supplies,2002.45,904.6,2025-05-09
1130,5010,Payroll,4364.15,2366.84,2025-05-10
1131,4020,Travel,3759.91,4852.62,2025-05-11
1132,5010,Travel,577.59,3855.03,2025-05-12
1133,4020,Office Supplies,2443.78,2765.04,2025-05-13
1134,7010,Office Supplies,992.73,790.56,2025-05-14
1135,6010,Office Supplies,2039.1,4827.11,2025-05-15
1136,7010,Travel,749.78,1533.24,2025-05-16
1137,7010,Software License,3589.35,4029.41,2025-05-17
1138,7010,Software License,3126.52,1466.76,2025-05-18
1139,6010,Software License,4050.59,508.61,2025-05-19
1140,4010,Payroll,3234.35,3278.46,2025-05-20
1141,4010,Payroll,4801.06,4675.42,2025-05-21
1142,5010,Software License,3954.66,577.77,2025-05-22
1143,6010,Software License,1861.91,4926.91,2025-05-23
1144,4020,Office Supplies,1956.79,743.19,2025-05-24
1145,5010,Payroll,3982.59,377.56,2025-05-25
1146,6010,Consulting Fees,4613.34,3022.42,2025-05-26
1147,7010,Travel,4039.35,4906.56,2025-05-27
1148,6010,Payroll,56.4,4052.56,2025-05-28
1149,7010,Office Supplies,1265.04,2637.06,2025-05-29
1150,4010,Software License,3603.67,3146.14,2025-05-30
1151,6010,Travel,277.84,2563.29,2025-05-31
1152,5010,Payroll,1486.5,2812.67,2025-06-01
1153,7010,Software License,3283.04,3946.07,2025-06-02
1154,5010,Payroll,2346.78,2708.3,2025-06-03
1155,5010,Office Supplies,4316.86,908.19,2025-06-04
1156,4010,Office Supplies,3140.25,2628.34,2025-06-05
1157,5010,Payroll,3972.13,1411.18,2025-06-06
1158,5010,Payroll,4756.43,2269.49,2025-06-07
1159,4020,Software License,1293.92,843.32,2025-06-08
1160,7010,Payroll,22.73,1270.13,2025-06-09
1161,7010,Travel,110.8,4899.77,2025-06-10
1162,7010,Payroll,4212.47,1525.01,2025-06-11
1163,7010,Office Supplies,467.31,950.39,2025-06-12
1164,5010,Consulting Fees,810.07,1801.06,2025-06-13
1165,6010,Travel,1524.49,3890.11,2025-06-14
1166,4010,Office Supplies,4823.88,1563.23,2025-06-15
1167,4010,Consulting Fees,3985.03,1333.93,2025-06-16
1168,4020,Payroll,3579.44,4834.26,2025-06-17
1169,5010,Consulting Fees,1452.27,2582.94,2025-06-18
1170,4010,Travel,3147.13,4995.55,2025-06-19
1171,5010,Office Supplies,462.72,792.78,2025-06-20
1172,4010,Office Supplies,3015.34,1782.33,2025-06-21
1173,4010,Software License,2599.5,3910.59,2025-06-22
1174,7010,Software License,2205.64,1937.96,2025-06-23
1175,4010,Software License,3644.56,305.59,2025-06-24
1176,6010,Office Supplies,3003.74,410.87,2025-06-25
1177,6010,Software License,319.0,2549.71,2025-06-26
1178,4020,Office Supplies,2234.78,1566.9,2025-06-27
1179,4020,Payroll,2464.1,3700.55,2025-06-28
1180,6010,Consulting Fees,4467.13,1444.5,2025-06-29
1181,4010,Software License,4504.02,4959.99,2025-06-30
1182,4010,Software License,4980.24,1677.08,2025-07-01
1183,6010,Consulting Fees,3269.96,906.15,2025-07-02
1184,7010,Office Supplies,309.13,2247.91,2025-07-03
1185,4020,Office Supplies,141.85,4066.05,2025-07-04
1186,4020,Consulting Fees,2549.32,1683.35,2025-07-05
1187,5010,Travel,4354.26,4639.76,2025-07-06
1188,4010,Payroll,156.02,3870.78,2025-07-07
1189,6010,Travel,1326.29,223.8,2025-07-08
1190,4020,Software License,916.45,261.26,2025-07-09
1191,4010,Travel,1810.37,4330.82,2025-07-10
1192,6010,Software License,988.76,1780.41,2025-07-11
1193,5010,Office Supplies,558.27,131.07,2025-07-12
1194,6010,Travel,2116.9,1346.77,2025-07-13
1195,7010,Travel,4756.31,1349.1,2025-07-14
1196,7010,Software License,1353.45,3163.15,2025-07-15
1197,6010,Software License,1397.95,3780.81,2025-07-16
1198,5010,Travel,2615.53,1229.38,2025-07-17
1199,6010,Payroll,3034.99,3240.62,2025-07-18
1200,7010,Office Supplies,4212.41,3619.62,2025-07-19
1201,6010,Consulting Fees,3919.13,2152.22,2025-07-20
1202,4010,Software License,1739.17,3402.13,2025-07-21
1203,6010,Office Supplies,1086.44,1244.19,2025-07-22
1204,4010,Travel,3114.27,630.94,2025-07-23
1205,4010,Travel,4050.38,4514.55,2025-07-24
1206,6010,Office Supplies,2958.25,1533.8,2025-07-25
1207,4020,Office Supplies,649.47,4138.99,2025-07-26
1208,6010,Consulting Fees,2861.56,2500.9,2025-07-27
1209,5010,Software License,4403.53,2080.56,2025-07-28
1210,7010,Consulting Fees,2342.35,2342.44,2025-07-29
1211,4010,Travel,2119.51,2772.58,2025-07-30
1212,4010,Office Supplies,1557.48,2393.89,2025-07-31
1213,4020,Payroll,3484.44,4260.38,2025-08-01
1214,7010,Software License,1217.04,3246.8,2025-08-02
1215,5010,Payroll,3976.38,1149.6,2025-08-03
1216,5010,Software License,2781.16,2270.87,2025-08-04
1217,4010,Travel,2661.73,339.24,2025-08-05
1218,4010,Travel,3181.18,899.62,2025-08-06
1219,7010,Software License,1197.98,1112.75,2025-08-07
1220,6010,Software License,1010.86,3207.97,2025-08-08
1221,7010,Office Supplies,203.76,4985.16,2025-08-09
1222,7010,Payroll,958.2,1513.82,2025-08-10
1223,7010,Office Supplies,4949.93,4765.93,2025-08-11
1224,4020,Consulting Fees,3427.17,4132.07,2025-08-12
1225,4010,Consulting Fees,4650.45,4209.75,2025-08-13
1226,4010,Travel,2860.65,1431.32,2025-08-14
1227,7010,Software License,4437.38,3789.35,2025-08-15
1228,5010,Office Supplies,3637.02,4464.18,2025-08-16
1229,6010,Office Supplies,1065.09,2228.58,2025-08-17
1230,4010,Payroll,2715.83,102.54,2025-08-18
1231,5010,Software License,2250.42,929.06,2025-08-19
1232,5010,Travel,4880.37,2490.11,2025-08-20
1233,7010,Travel,2098.77,2745.03,2025-08-21
1234,5010,Software License,2481.05,780.0,2025-08-22
1235,4020,Payroll,2150.35,4329.81,2025-08-23
1236,7010,Payroll,4280.76,4905.65,2025-08-24
1237,6010,Payroll,1294.92,3096.11,2025-08-25
1238,6010,Payroll,4493.69,3125.22,2025-08-26
1239,6010,Consulting Fees,3175.91,3591.06,2025-08-27
1240,5010,Travel,3874.14,3413.8,2025-08-28
1241,4010,Consulting Fees,4381.06,4572.94,2025-08-29
1242,4010,Payroll,3922.64,1843.51,2025-08-30
1243,5010,Travel,3808.03,4111.63,2025-08-31
1244,4010,Consulting Fees,4755.01,3622.3,2025-09-01
1245,7010,Software License,2444.23,4495.52,2025-09-02
1246,7010,Office Supplies,1821.22,2876.29,2025-09-03
1247,5010,Consulting Fees,1378.56,1007.77,2025-09-04
1248,4020,Office Supplies,2382.2,3185.2,2025-09-05
1249,5010,Travel,3849.38,1123.16,2025-09-06
1250,4010,Payroll,1897.63,532.67,2025-09-07
1251,5010,Office Supplies,4731.67,4953.64,2025-09-08
1252,7010,Travel,1242.7,4095.95,2025-09-09
1253,4020,Travel,4022.08,3925.51,2025-09-10
1254,4010,Travel,1303.26,1011.15,2025-09-11
1255,6010,Payroll,3602.05,3742.17,2025-09-12
1256,5010,Payroll,1604.62,2139.22,2025-09-13
1257,4010,Travel,4435.51,3666.8,2025-09-14
1258,4010,Consulting Fees,4793.74,322.21,2025-09-15
1259,6010,Payroll,3644.58,4382.58,2025-09-16
1260,5010,Consulting Fees,4697.18,1880.56,2025-09-17
1261,7010,Software License,1307.85,1833.5,2025-09-18
1262,4010,Payroll,914.66,195.45,2025-09-19
1263,6010,Payroll,3655.38,2607.0,2025-09-20
1264,4010,Office Supplies,2536.38,3024.23,2025-09-21
1265,4020,Travel,897.18,19.79,2025-09-22
1266,7010,Consulting Fees,108.31,150.07,2025-09-23
1267,4020,Office Supplies,2141.02,4567.42,2025-09-24
1268,7010,Travel,3458.71,2126.99,2025-09-25
1269,6010,Software License,4005.06,2758.87,2025-09-26
1270,6010,Software License,3648.69,3395.83,2025-09-27
1271,7010,Payroll,4790.68,4160.13,2025-09-28
1272,5010,Travel,1792.58,1948.12,2025-09-29
1273,5010,Travel,1752.64,4774.91,2025-09-30
1274,4010,Office Supplies,1067.31,68.48,2025-10-01
1275,4010,Software License,2928.31,375.25,2025-10-02
1276,4010,Office Supplies,1895.83,4637.62,2025-10-03
1277,6010,Consulting Fees,1652.98,2772.92,2025-10-04
1278,7010,Office Supplies,3398.62,4400.44,2025-10-05
1279,4020,Consulting Fees,1601.17,2209.73,2025-10-06
1280,7010,Consulting Fees,629.78,1010.13,2025-10-07
1281,4020,Payroll,2245.88,1300.38,2025-10-08
1282,4010,Office Supplies,3707.69,4874.77,2025-10-09
1283,6010,Office Supplies,3422.2,1807.09,2025-10-10
1284,4020,Travel,3275.8,2944.7,2025-10-11
1285,4020,Office Supplies,4153.86,2697.56,2025-10-12
1286,4020,Payroll,4532.78,2845.91,2025-10-13
1287,5010,Software License,605.13,3026.69,2025-10-14
1288,4020,Office Supplies,199.78,22.03,2025-10-15
1289,4010,Payroll,423.0,1867.45,2025-10-16
1290,4020,Payroll,53.78,3283.06,2025-10-17
1291,4010,Consulting Fees,591.43,1773.02,2025-10-18
1292,7010,Payroll,1109.44,4712.5,2025-10-19
1293,6010,Payroll,1067.56,2021.09,2025-10-20
1294,7010,Travel,253.34,1476.27,2025-10-21
1295,6010,Payroll,1872.44,3596.61,2025-10-22
1296,5010,Consulting Fees,4784.97,2809.51,2025-10-23
1297,4020,Software License,1339.06,4278.57,2025-10-24
1298,6010,Consulting Fees,4877.23,1151.46,2025-10-25
1299,5010,Software License,475.08,2106.11,2025-10-26
1300,5010,Payroll,2624.63,591.83,2025-10-27
1301,4020,Travel,1626.29,4775.47,2025-10-28
1302,4020,Travel,51.66,949.18,2025-10-29
1303,4010,Office Supplies,4149.03,1235.62,2025-10-30
1304,5010,Software License,437.63,602.05,2025-10-31
1305,6010,Consulting Fees,3605.29,4581.95,2025-11-01
1306,4010,Software License,158.98,3208.16,2025-11-02
1307,4010,Consulting Fees,106.18,2704.23,2025-11-03
1308,4010,Payroll,2888.51,4833.4,2025-11-04
1309,7010,Travel,130.14,2813.85,2025-11-05
1310,5010,Payroll,1973.72,3653.63,2025-11-06
1311,4020,Office Supplies,1693.63,1619.31,2025-11-07
1312,5010,Software License,4830.64,890.28,2025-11-08
1313,6010,Consulting Fees,2171.02,3170.94,2025-11-09
1314,4010,Office Supplies,59.65,595.07,2025-11-10
1315,5010,Payroll,4454.17,1367.88,2025-11-11
1316,4010,Consulting Fees,4854.79,2884.67,2025-11-12
1317,6010,Consulting Fees,4708.65,4380.82,2025-11-13
1318,6010,Office Supplies,4729.16,322.31,2025-11-14
1319,4020,Consulting Fees,3882.98,2681.0,2025-11-15
1320,6010,Travel,3937.03,763.29,2025-11-16
1321,7010,Office Supplies,157.73,1149.96,2025-11-17
1322,7010,Travel,4353.94,4736.95,2025-11-18
1323,5010,Software License,4797.77,2973.88,2025-11-19
1324,7010,Consulting Fees,393.59,1578.17,2025-11-20
1325,5010,Software License,4612.09,4158.83,2025-11-21
1326,7010,Office Supplies,4272.64,4116.42,2025-11-22
1327,7010,Office Supplies,4483.86,4137.03,2025-11-23
1328,7010,Travel,2501.73,2036.24,2025-11-24
1329,4010,Office Supplies,4060.73,2901.98,2025-11-25
1330,4010,Software License,2076.21,1699.48,2025-11-26
1331,4010,Software License,3607.49,1834.5,2025-11-27
1332,5010,Office Supplies,2452.92,2221.81,2025-11-28
1333,4020,Software License,168.14,1070.18,2025-11-29
1334,5010,Travel,4000.19,1167.93,2025-11-30
1335,4020,Office Supplies,3896.39,4058.03,2025-12-01
1336,5010,Consulting Fees,839.68,168.72,2025-12-02
1337,7010,Travel,3589.43,292.53,2025-12-03
1338,4010,Consulting Fees,4576.39,3847.78,2025-12-04
1339,4020,Travel,3659.02,1196.06,2025-12-05
1340,4020,Office Supplies,2614.11,1933.28,2025-12-06
1341,4010,Office Supplies,3863.68,2679.42,2025-12-07
1342,4020,Consulting Fees,2762.92,2330.64,2025-12-08
1343,4010,Travel,4270.72,3629.52,2025-12-09
1344,6010,Office Supplies,1836.58,1392.63,2025-12-10
1345,7010,Payroll,1765.23,4182.95,2025-12-11
1346,4020,Office Supplies,4028.92,3130.12,2025-12-12
1347,5010,Consulting Fees,4438.63,828.88,2025-12-13
1348,6010,Software License,406.02,1202.96,2025-12-14
1349,7010,Payroll,606.14,324.53,2025-12-15
1350,4020,Office Supplies,2380.57,4059.93,2025-12-16
1351,5010,Office Supplies,3451.9,50.51,2025-12-17
1352,4010,Payroll,2873.37,4390.41,2025-12-18
1353,6010,Office Supplies,240.74,304.81,2025-12-19
1354,4010,Software License,3235.82,1328.36,2025-12-20
1355,5010,Travel,3286.17,3657.74,2025-12-21
1356,7010,Office Supplies,4112.78,3266.28,2025-12-22
1357,4010,Payroll,4869.81,2163.82,2025-12-23
1358,4010,Office Supplies,1207.66,1100.72,2025-12-24
1359,4010,Office Supplies,4775.25,3742.66,2025-12-25
1360,6010,Travel,3295.45,4797.86,2025-12-26
1361,4020,Travel,4770.35,2003.12,2025-12-27
1362,4010,Payroll,651.16,2439.52,2025-12-28
1363,6010,Payroll,1901.63,4050.55,2025-12-29
1364,4020,Consulting Fees,756.88,21.25,2025-12-30
1365,4010,Consulting Fees,3888.42,151.77,2025-12-31
1366,4010,Software License,545.26,4563.21,2026-01-01
1367,7010,Software License,3662.43,3849.02,2026-01-02
1368,6010,Office Supplies,4527.68,2430.2,2026-01-03
1369,4010,Software License,4233.58,2354.39,2026-01-04
1370,4010,Consulting Fees,2830.21,4082.72,2026-01-05
1371,4020,Office Supplies,3325.44,2953.57,2026-01-06
1372,6010,Consulting Fees,3301.97,769.63,2026-01-07
1373,7010,Payroll,1807.02,496.28,2026-01-08
1374,5010,Payroll,1130.67,784.53,2026-01-09
1375,4020,Consulting Fees,2138.07,1502.39,2026-01-10
1376,7010,Travel,58.67,2281.27,2026-01-11
1377,6010,Software License,1131.56,4420.82,2026-01-12
1378,7010,Consulting Fees,1206.26,4619.2,2026-01-13
1379,5010,Travel,4804.81,350.63,2026-01-14
1380,4010,Software License,3069.66,2530.47,2026-01-15
1381,7010,Software License,518.33,2597.94,2026-01-16
1382,4010,Payroll,3816.73,1965.56,2026-01-17
1383,5010,Office Supplies,3711.89,1454.01,2026-01-18
1384,5010,Payroll,4332.4,4282.45,2026-01-19
1385,7010,Consulting Fees,1617.35,474.71,2026-01-20
1386,4020,Travel,770.03,4796.04,2026-01-21
1387,4020,Consulting Fees,719.5,2684.99,2026-01-22
1388,5010,Office Supplies,2483.11,1511.64,2026-01-23
1389,4010,Payroll,3207.13,726.59,2026-01-24
1390,4020,Travel,2773.94,1660.47,2026-01-25
1391,6010,Software License,429.49,810.83,2026-01-26
1392,4020,Payroll,3416.08,653.67,2026-01-27
1393,4010,Software License,2667.95,3422.49,2026-01-28
1394,4020,Travel,4455.56,3546.68,2026-01-29
1395,4010,Consulting Fees,628.22,4758.11,2026-01-30
1396,7010,Software License,3812.16,3066.5,2026-01-31
1397,6010,Payroll,1007.17,2757.75,2026-02-01
1398,6010,Consulting Fees,4540.51,2845.83,2026-02-02
1399,5010,Travel,2534.24,3513.76,2026-02-03
1400,6010,Consulting Fees,1338.99,1067.78,2026-02-04
1401,6010,Office Supplies,2901.15,4071.68,2026-02-05
1402,6010,Consulting Fees,4199.74,1032.92,2026-02-06
1403,5010,Travel,3654.58,4988.55,2026-02-07
1404,6010,Consulting Fees,3412.86,94.09,2026-02-08
1405,5010,Software License,1261.22,3498.46,2026-02-09
1406,4010,Software License,2588.13,1445.58,2026-02-10
1407,4020,Travel,4904.71,2444.37,2026-02-11
1408,5010,Software License,2846.11,4049.61,2026-02-12
1409,6010,Consulting Fees,3118.96,423.08,2026-02-13
1410,7010,Office Supplies,4981.5,4064.91,2026-02-14
1411,4010,Office Supplies,2231.94,3301.16,2026-02-15
1412,4020,Office Supplies,1556.0,809.7,2026-02-16
1413,6010,Office Supplies,2131.48,2216.7,2026-02-17
1414,4010,Software License,4529.57,2808.08,2026-02-18
1415,7010,Consulting Fees,2807.48,4693.6,2026-02-19
1416,5010,Office Supplies,2276.05,4790.29,2026-02-20
1417,4010,Office Supplies,3854.23,3195.92,2026-02-21
1418,5010,Software License,3101.99,2870.29,2026-02-22
1419,5010,Consulting Fees,4912.03,1445.36,2026-02-23
1420,6010,Software License,3936.59,3068.62,2026-02-24
1421,5010,Software License,3750.49,4617.2,2026-02-25
1422,7010,Travel,2426.38,4890.55,2026-02-26
1423,7010,Software License,1507.39,3784.79,2026-02-27
1424,7010,Office Supplies,4011.12,3351.57,2026-02-28
1425,4020,Travel,329.15,1602.58,2026-03-01
1426,4020,Travel,3821.6,2603.89,2026-03-02
1427,7010,Travel,2955.12,3579.15,2026-03-03
1428,6010,Travel,2785.0,125.02,2026-03-04
1429,4020,Consulting Fees,1602.84,4405.08,2026-03-05
1430,5010,Payroll,4808.76,690.58,2026-03-06
1431,7010,Payroll,3958.02,570.37,2026-03-07
1432,4010,Office Supplies,3181.71,2071.7,2026-03-08
1433,4010,Software License,3460.92,1832.31,2026-03-09
1434,5010,Travel,1541.05,251.97,2026-03-10
1435,4010,Office Supplies,2089.9,1741.99,2026-03-11
1436,6010,Travel,4652.06,3791.31,2026-03-12
1437,4010,Software License,2254.69,1365.28,2026-03-13
1438,5010,Consulting Fees,4476.54,819.19,2026-03-14
1439,5010,Travel,3531.67,2484.54,2026-03-15
1440,7010,Software License,639.91,3325.92,2026-03-16
1441,5010,Consulting Fees,2237.61,79.48,2026-03-17
1442,4020,Payroll,934.18,2015.87,2026-03-18
1443,4020,Payroll,658.4,3142.49,2026-03-19
1444,4020,Consulting Fees,3189.53,439.39,2026-03-20
1445,4010,Travel,2698.04,2660.15,2026-03-21
1446,4010,Office Supplies,4459.24,4512.63,2026-03-22
1447,4020,Office Supplies,4835.47,2338.93,2026-03-23
1448,6010,Software License,1773.71,844.11,2026-03-24
1449,5010,Office Supplies,3123.58,28.69,2026-03-25
1450,7010,Office Supplies,3931.41,3381.2,2026-03-26
1451,7010,Software License,4005.8,4321.64,2026-03-27
1452,5010,Payroll,4777.09,2778.88,2026-03-28
1453,4020,Office Supplies,724.82,196.47,2026-03-29
1454,4020,Software License,3659.52,1778.97,2026-03-30
1455,4010,Consulting Fees,584.56,2978.75,2026-03-31
1456,6010,Consulting Fees,607.29,1685.69,2026-04-01
1457,5010,Office Supplies,3041.46,61.14,2026-04-02
1458,7010,Office Supplies,4082.79,2452.27,2026-04-03
1459,5010,Payroll,4787.23,838.58,2026-04-04
1460,6010,Consulting Fees,3530.32,1177.94,2026-04-05
1461,4020,Office Supplies,1443.42,60.67,2026-04-06
1462,4020,Office Supplies,177.62,266.04,2026-04-07
1463,5010,Software License,2794.45,4272.31,2026-04-08
1464,5010,Consulting Fees,1777.63,1933.33,2026-04-09
1465,7010,Payroll,79.47,3037.85,2026-04-10
1466,6010,Travel,4557.9,4181.16,2026-04-11
1467,5010,Office Supplies,3337.09,1456.09,2026-04-12
1468,7010,Payroll,1514.09,2613.29,2026-04-13
1469,6010,Payroll,1002.56,1539.78,2026-04-14
1470,5010,Office Supplies,3635.84,1801.12,2026-04-15
1471,7010,Travel,290.69,2632.9,2026-04-16
1472,4020,Consulting Fees,1402.6,3298.0,2026-04-17
1473,5010,Software License,4865.77,1503.83,2026-04-18
1474,4020,Travel,1441.78,2817.36,2026-04-19
1475,5010,Office Supplies,437.9,4744.56,2026-04-20
1476,7010,Consulting Fees,4119.2,4946.18,2026-04-21
1477,7010,Travel,4886.39,2052.95,2026-04-22
1478,7010,Office Supplies,3604.33,629.12,2026-04-23
1479,6010,Office Supplies,269.33,4642.62,2026-04-24
1480,4020,Payroll,1501.04,2994.23,2026-04-25
1481,4020,Office Supplies,1261.75,2129.12,2026-04-26
1482,6010,Consulting Fees,3534.49,3544.25,2026-04-27
1483,4020,Office Supplies,467.92,2786.19,2026-04-28
1484,6010,Payroll,4244.99,1474.88,2026-04-29
1485,5010,Software License,733.52,1747.55,2026-04-30
1486,5010,Payroll,25.65,2428.59,2026-05-01
1487,7010,Travel,1568.16,1163.53,2026-05-02
1488,7010,Payroll,1706.59,3262.1,2026-05-03
1489,4010,Office Supplies,1663.95,409.18,2026-05-04
1490,4010,Consulting Fees,1848.11,1731.58,2026-05-05
1491,5010,Software License,1477.92,4108.87,2026-05-06
1492,6010,Payroll,196.23,3502.59,2026-05-07
1493,7010,Software License,2151.08,1598.64,2026-05-08
1494,6010,Consulting Fees,601.73,916.03,2026-05-09
1495,4020,Payroll,4308.38,3692.39,2026-05-10
1496,4010,Payroll,3389.92,2412.97,2026-05-11
1497,4020,Payroll,2597.89,389.11,2026-05-12
1498,4010,Travel,3874.23,4854.43,2026-05-13
1499,6010,Software License,2895.44,753.92,2026-05-14
1500,4010,Travel,662.37,3244.24,2026-05-15
